t_ms,H,T,P,D,RPM,RAW,age,RS
62,15.1,15.0,3970,-0.4,6612,31.5,77,6593
129,16.1,15.0,3935,4.0,6547,31.0,13,6539
252,15.6,15.0,3951,1.9,6607,32.0,79,6565
331,16.0,15.0,3954,1.1,6543,31.1,14,6568
453,15.9,15.0,3956,0.9,6541,31.3,80,6572
529,15.9,15.0,3960,0.3,6541,30.8,16,6578
638,16.0,15.0,3943,0.9,6606,31.8,68,6571
716,14.9,15.0,3999,-4.8,6605,31.8,4,6638
856,15.3,15.0,3985,-2.7,6551,32.0,83,6614
934,15.0,15.0,3966,-1.2,6554,32.0,0,6601
1042,15.1,15.0,3972,-0.6,6558,31.4,84,6594
1134,14.4,15.0,3979,-2.9,6623,32.4,1,6624
1242,14.5,15.0,3993,-3.0,6565,32.4,85,6625
1335,14.2,15.0,3979,-2.5,6632,32.9,3,6623
1443,14.3,15.0,3987,-1.7,6571,32.3,87,6614
1536,14.5,15.0,3951,1.4,6638,32.8,4,6580
1645,14.3,15.0,3970,0.6,6571,33.0,88,6590
1722,14.7,15.0,3954,0.8,6571,31.9,6,6585
1845,15.0,15.0,3953,2.4,6567,31.9,89,6566
1922,15.1,15.0,3944,1.7,6564,31.3,7,6572
2046,15.5,15.0,3944,3.0,6557,32.4,74,6554
2123,14.9,15.0,3964,-1.4,6554,31.2,9,6604
2247,15.8,15.0,3949,2.0,6553,31.3,74,6562
2323,14.5,15.0,3979,-3.3,6612,32.2,9,6627
2446,15.1,15.0,3971,-2.4,6553,30.9,75,6612
2524,15.8,15.0,3928,3.5,6618,31.4,11,6546
2648,16.0,15.0,3925,3.8,6545,30.8,76,6541
2727,15.8,15.0,3943,1.0,6607,31.3,12,6571
2835,16.0,15.0,3959,0.4,6540,30.5,71,6576
2927,16.1,15.0,3949,-0.0,6603,30.8,6,6579
3053,16.2,15.0,3943,0.8,6602,31.2,79,6569
3131,16.3,15.0,3943,0.8,6602,30.7,15,6568
3255,16.3,15.0,3942,0.9,6602,31.6,80,6567
3333,15.8,15.0,3974,-1.6,6603,30.6,16,6597
3457,15.6,15.0,3969,-2.5,6607,31.2,82,6608
3535,15.7,15.0,3973,-1.1,6547,31.4,17,6593
3645,15.6,15.0,3959,-0.7,6615,31.5,76,6591
3722,14.7,15.0,3998,-3.8,6616,32.4,12,6631
3847,14.7,15.0,4001,-4.3,6625,32.0,84,6635
3926,15.2,15.0,3965,0.9,6567,31.8,2,6578
4050,15.1,15.0,3962,1.3,6629,32.3,86,6576
4127,14.6,15.0,3982,-1.4,6564,32.6,3,6608
4254,14.4,15.0,3991,-2.5,6632,32.1,87,6621
4331,14.9,15.0,3962,1.4,6570,32.7,5,6576
4438,14.3,15.0,3964,-0.3,6632,32.6,81,6599
4515,14.7,15.0,3973,-0.1,6632,32.5,17,6594
4654,14.5,15.0,3972,0.1,6632,32.6,90,6593
4730,14.6,15.0,3972,0.1,6567,32.0,7,6593
4853,15.0,15.0,3958,1.7,6631,32.0,74,6572
4931,14.9,15.0,3959,1.6,6563,32.0,9,6574
5056,14.9,15.0,3969,-0.0,6626,31.5,74,6591
5135,15.1,15.0,3965,0.4,6561,31.6,10,6584
5243,15.3,15.0,3956,1.6,6623,32.0,75,6570
5335,15.0,15.0,3972,-0.7,6555,31.8,11,6596
5444,15.0,15.0,3970,-0.4,6621,32.4,77,6593
5522,15.0,15.0,3971,-0.4,6557,32.0,12,6593
5646,14.8,15.0,3973,-0.6,6560,32.7,78,6597
5722,14.7,15.0,3977,-1.0,6558,33.0,14,6603
5845,14.4,15.0,3987,-2.1,6563,32.2,79,6617
5925,14.3,15.0,3984,-1.6,6565,32.4,15,6612
6047,14.4,15.0,3965,-0.8,6634,32.6,74,6604
6125,14.5,15.0,3970,0.4,6571,32.2,9,6591
6248,14.2,15.0,3974,-0.1,6571,32.8,82,6598
6326,14.1,15.0,3978,-0.8,6574,32.6,17,6606
6450,13.9,15.0,3984,-1.5,6640,33.5,83,6616
6528,13.9,15.0,3983,-1.0,6576,33.1,1,6611
6636,13.9,15.0,3965,-0.6,6643,33.2,78,6606
6744,14.0,15.0,3970,0.5,6643,33.3,13,6595
6850,13.9,15.0,3962,-0.2,6643,33.0,79,6603
6927,14.3,15.0,3962,1.3,6641,33.5,14,6583
7050,14.1,15.0,3964,1.0,6638,32.7,87,6588
7128,14.1,15.0,3971,0.1,6571,33.5,5,6598
7237,13.9,15.0,3964,-0.6,6570,32.6,76,6607
7315,14.2,15.0,3952,0.9,6634,32.6,11,6588
7455,14.2,15.0,3963,1.2,6631,32.8,90,6585
7532,14.3,15.0,3965,0.7,6564,32.6,7,6589
7657,14.3,15.0,3966,0.5,6628,32.3,73,6591
7735,14.5,15.0,3961,1.2,6561,32.5,9,6582
7845,14.8,15.0,3954,1.8,6623,31.9,75,6573
7924,14.6,15.0,3965,0.3,6557,32.2,10,6591
8048,15.0,15.0,3960,0.8,6622,31.6,76,6582
8124,14.6,15.0,3969,-0.3,6555,32.4,11,6597
8247,14.8,15.0,3972,-1.0,6621,32.0,77,6601
8324,14.6,15.0,3973,-0.9,6560,32.9,13,6602
8448,14.6,15.0,3976,-1.4,6564,32.4,79,6608
8526,14.4,15.0,3978,-1.4,6565,32.6,14,6610
8650,14.1,15.0,3984,-2.0,6568,33.1,80,6618
8728,14.3,15.0,3973,-0.6,6571,32.6,15,6602
8837,14.1,15.0,3959,-0.2,6637,32.8,74,6600
8915,14.2,15.0,3967,0.3,6573,33.2,10,6594
9055,14.1,15.0,3972,-0.3,6635,32.7,83,6602
9132,14.3,15.0,3964,1.0,6570,32.6,0,6587
9255,14.4,15.0,3961,1.1,6631,32.7,84,6585
9334,14.7,15.0,3955,1.7,6564,32.3,2,6575
9457,14.6,15.0,3954,1.9,6628,32.7,85,6575
9534,14.5,15.0,3967,-0.1,6561,32.6,3,6596
9656,14.5,15.0,3970,-0.6,6563,32.4,87,6601
9733,14.6,15.0,3963,0.3,6563,32.5,4,6590
9856,14.5,15.0,3967,-0.1,6563,32.2,88,6595
9936,14.6,15.0,3964,0.3,6563,33.1,6,6591
10044,14.3,15.0,3974,-1.0,6564,32.5,90,6606
10122,14.4,15.0,3971,-0.6,6567,32.7,7,6602
10246,14.0,15.0,3963,-1.0,6634,32.9,74,6609
10338,13.7,15.0,3989,-2.7,6570,32.8,9,6629
10447,14.0,15.0,3961,-0.7,6640,32.8,67,6606
10525,13.5,15.0,3984,-1.9,6577,33.5,3,6623
10650,13.3,15.0,3992,-2.9,6648,33.7,75,6636
10726,12.7,15.0,4000,-3.5,6589,34.1,11,6648
10851,12.8,15.0,3993,-2.7,6659,34.6,77,6638
10929,12.4,15.0,3995,-2.5,6594,34.5,12,6640
11053,12.4,15.0,3978,-1.8,6665,34.9,78,6634
11130,12.3,15.0,3986,-1.1,6603,34.7,13,6628
11254,12.0,15.0,3974,-1.1,6669,35.4,79,6630
11330,12.2,15.0,3980,-0.3,6671,35.5,14,6620
11453,11.7,15.0,3977,-1.5,6672,34.8,80,6637
11530,11.5,15.0,3978,-1.5,6672,35.7,15,6639
11654,11.4,15.0,3984,-2.3,6610,35.7,81,6649
11731,11.4,15.0,3975,-0.9,6678,35.6,16,6635
11870,11.8,15.0,3971,1.1,6609,35.6,82,6610
11931,11.8,15.0,3959,1.0,6668,34.8,17,6612
12055,11.9,15.0,3969,1.2,6599,35.1,83,6608
12131,12.5,15.0,3957,2.8,6593,35.1,0,6586
12255,12.3,15.0,3962,2.1,6583,34.6,83,6596
12332,12.5,15.0,3965,1.2,6578,34.6,1,6603
12456,12.5,15.0,3971,0.7,6573,34.2,84,6608
12534,13.1,15.0,3955,2.6,6570,34.0,2,6583
12657,13.1,15.0,3954,2.8,6563,34.0,86,6581
12736,13.4,15.0,3957,2.2,6557,33.1,3,6584
12843,13.7,15.0,3951,2.8,6554,33.5,87,6574
12937,13.8,15.0,3963,1.0,6551,32.8,5,6592
13045,14.1,15.0,3954,2.1,6548,33.2,88,6577
13123,13.9,15.0,3955,0.2,6545,33.1,6,6598
13246,14.0,15.0,3970,0.0,6548,32.9,90,6600
13324,14.0,15.0,3954,0.4,6613,33.1,7,6595
13446,14.0,15.0,3971,-0.0,6550,33.4,74,6600
13524,14.3,15.0,3950,0.9,6551,32.9,10,6587
13647,14.3,15.0,3961,1.3,6551,32.3,74,6584
13726,14.0,15.0,3961,-0.3,6615,32.8,10,6603
13849,14.2,15.0,3974,-0.6,6554,32.5,69,6603
13925,14.1,15.0,3961,-0.3,6554,33.3,4,6602
14051,13.9,15.0,3971,-1.6,6561,32.7,77,6616
14128,14.3,15.0,3952,0.9,6628,32.8,12,6588
14251,14.1,15.0,3957,0.3,6564,32.6,78,6595
14328,13.9,15.0,3964,-0.7,6629,33.2,14,6608
14452,13.8,15.0,3970,-1.4,6568,33.2,80,6616
14530,14.0,15.0,3957,0.3,6635,33.1,15,6596
14637,13.9,15.0,3975,-0.2,6570,33.2,74,6603
14730,13.9,15.0,3960,-0.1,6571,33.1,9,6601
14838,13.8,15.0,3976,-0.4,6571,32.7,75,6605
14916,13.9,15.0,3956,0.5,6574,33.2,11,6595
15054,14.0,15.0,3958,0.1,6571,33.4,83,6599
15133,14.1,15.0,3950,0.9,6637,33.2,1,6590
15256,13.8,15.0,3961,-0.3,6573,32.8,85,6604
15335,13.7,15.0,3966,-1.0,6637,32.7,2,6612
15443,14.1,15.0,3956,0.1,6573,32.6,86,6598
15537,13.9,15.0,3958,-0.0,6637,33.2,4,6601
15644,13.9,15.0,3962,-0.5,6571,33.0,87,6606
15737,14.1,15.0,3952,0.7,6635,32.7,5,6591
15843,14.0,15.0,3954,0.5,6570,33.5,89,6595
15936,14.3,15.0,3950,0.9,6634,32.6,6,6588
16044,14.3,15.0,3942,1.8,6568,32.8,90,6578
16122,13.9,15.0,3963,-0.9,6632,33.3,8,6610
16246,13.9,15.0,3965,-1.3,6571,32.9,73,6614
16323,13.5,15.0,3971,-1.9,6638,33.3,9,6624
16445,13.5,15.0,3988,-2.5,6580,33.3,75,6629
16523,13.6,15.0,3961,-0.4,6645,33.5,10,6608
16648,13.3,15.0,3979,-1.0,6583,33.7,76,6616
16727,13.6,15.0,3953,0.8,6645,33.8,12,6595
16851,13.1,15.0,3981,-1.1,6581,33.3,77,6619
16928,13.6,15.0,3951,1.0,6583,33.4,13,6594
17053,13.7,15.0,3960,1.4,6578,33.2,79,6588
17131,13.3,15.0,3965,-1.0,6576,32.8,14,6616
17256,14.1,15.0,3955,1.7,6576,33.5,80,6582
17334,13.6,15.0,3958,-0.3,6573,33.2,16,6606
17440,14.1,15.0,3948,0.8,6637,33.5,75,6591
17518,13.4,15.0,3983,-2.1,6573,33.7,10,6627
17657,13.6,15.0,3980,-1.6,6574,33.4,83,6620
17736,13.5,15.0,3971,-0.2,6574,33.9,0,6606
17844,13.5,15.0,3958,-0.2,6640,33.5,77,6607
17921,13.3,15.0,3974,-0.5,6576,33.0,13,6611
