t_ms,H,T,E,P,M,D,R,RAW,A,F,PRE,CAS,RS,CM,FH
24,18.1,20.0,1.9,3966,0,1.0,6602,31.5,6,36.0,0,1,6634,2,0.00
28,18.2,20.0,1.8,3972,0,0.5,6666,31.4,7,36.0,0,1,6642,2,0.00
28,18.2,20.0,1.8,3974,0,0.2,6666,31.9,9,36.0,0,1,6647,2,0.00
28,18.3,20.0,1.7,3974,0,0.0,6666,31.5,9,36.0,0,1,6649,2,0.00
28,18.3,20.0,1.7,3977,0,-0.1,6603,31.5,9,36.0,0,1,6652,2,0.00
28,18.3,20.0,1.7,3980,0,-0.2,6603,31.3,9,36.0,0,1,6654,2,0.00
43,18.3,20.0,1.7,3979,0,-0.3,6666,31.6,9,36.0,0,1,6655,2,0.00
59,18.3,20.0,1.7,3975,0,-0.1,6666,31.2,1,36.0,0,1,6652,2,0.00
74,18.4,20.0,1.6,3970,0,0.3,6603,31.0,3,36.0,0,1,6644,2,0.00
89,18.5,20.0,1.5,3966,0,0.7,6605,31.2,5,36.0,0,1,6635,2,0.00
105,18.6,20.0,1.4,3959,0,1.4,6605,30.8,7,36.0,0,1,6621,2,0.00
138,18.6,20.0,1.4,3952,0,1.9,6669,31.4,9,36.0,0,1,6613,2,0.00
153,18.7,20.0,1.3,3946,0,2.3,6668,31.0,9,36.0,0,1,6604,2,0.00
168,18.6,20.0,1.4,3950,0,2.2,6605,31.4,9,36.0,0,1,6607,2,0.00
200,18.5,20.0,1.5,3955,0,1.9,6603,31.7,9,36.0,0,1,6615,2,0.00
215,18.4,20.0,1.6,3965,0,1.1,6602,31.4,9,36.0,0,1,6629,2,0.00
230,18.4,20.0,1.6,3974,0,0.1,6666,31.2,1,36.0,0,1,6647,2,0.00
246,18.5,20.0,1.5,3972,0,0.0,6665,31.1,3,36.0,0,1,6648,2,0.00
338,18.5,20.0,1.5,3974,0,0.0,6602,31.1,87,36.0,0,1,6648,2,0.00
353,18.6,20.0,1.4,3975,0,0.0,6603,31.1,9,36.0,0,1,6646,2,0.00
369,18.7,20.0,1.3,3972,0,0.5,6666,31.4,1,36.0,0,1,6637,2,0.00
400,18.6,20.0,1.4,3969,0,0.4,6666,31.5,2,36.0,0,1,6640,2,0.00
416,18.5,20.0,1.5,3975,0,0.1,6602,31.2,4,36.0,0,1,6648,2,0.00
432,18.3,20.0,1.7,3984,0,-0.6,6603,31.5,6,36.0,0,1,6661,2,0.00
464,18.3,20.0,1.7,3990,0,-1.1,6603,31.5,8,36.0,0,1,6671,2,0.00
479,18.3,20.0,1.7,3994,0,-1.6,6668,31.6,9,36.0,0,1,6680,2,0.00
495,18.3,20.0,1.7,3997,0,-1.9,6668,31.1,9,36.0,0,1,6686,2,0.00
511,18.4,20.0,1.6,3995,0,-1.7,6606,30.8,9,36.0,0,1,6681,2,0.00
541,18.5,20.0,1.5,3990,0,-1.1,6606,31.6,9,36.0,0,1,6669,2,0.00
556,18.7,20.0,1.3,3978,0,0.5,6671,30.8,0,36.0,0,1,6638,2,0.00
571,18.7,20.0,1.3,3965,0,1.0,6672,31.5,2,36.0,0,1,6629,2,0.00
602,18.7,20.0,1.3,3959,0,1.5,6672,31.0,4,36.0,0,1,6620,2,0.00
617,18.6,20.0,1.4,3961,0,1.4,6609,31.7,6,36.0,0,1,6622,2,0.00
633,18.6,20.0,1.4,3962,0,1.4,6607,31.0,8,36.0,0,1,6622,2,0.00
648,18.5,20.0,1.5,3965,0,1.1,6672,31.3,9,36.0,0,1,6630,2,0.00
680,18.6,20.0,1.4,3965,0,0.9,6671,31.4,9,36.0,0,1,6632,2,0.00
696,18.5,20.0,1.5,3969,0,0.5,6607,31.3,9,36.0,0,1,6641,2,0.00
712,18.5,20.0,1.5,3975,0,0.1,6607,30.8,9,36.0,0,1,6647,2,0.00
743,18.6,20.0,1.4,3975,0,0.2,6606,30.9,9,36.0,0,1,6645,2,0.00
759,19.0,20.0,1.0,3958,0,1.4,6671,30.5,1,36.0,0,1,6619,2,0.00
836,19.0,20.0,1.0,3957,0,1.4,6671,30.5,85,36.0,0,1,6619,2,0.00
852,19.1,20.0,0.9,3956,0,1.5,6605,30.6,9,36.0,0,1,6616,2,0.00
884,19.1,20.0,0.9,3951,0,2.0,6606,31.1,9,36.0,0,1,6606,2,0.00
899,18.9,20.0,1.1,3953,0,1.8,6669,30.5,1,36.0,0,1,6611,2,0.00
915,18.8,20.0,1.2,3959,0,1.2,6668,30.9,3,47.6,0,1,6624,2,0.00
947,18.9,20.0,1.1,3962,0,0.8,6603,31.3,5,47.6,0,1,6632,2,0.00
962,18.9,20.0,1.1,3967,0,0.4,6603,30.7,7,47.6,0,1,6637,2,0.00
978,18.8,20.0,1.2,3974,0,-0.0,6603,31.1,9,47.6,0,1,6646,2,0.00
994,18.7,20.0,1.3,3979,0,-0.6,6668,31.2,9,47.6,0,1,6657,2,0.00
1025,18.6,20.0,1.4,3986,0,-1.2,6668,31.3,9,47.6,0,1,6670,2,0.00
1041,18.6,20.0,1.4,3995,0,-1.9,6605,31.4,9,47.6,0,1,6682,2,0.00
1056,18.5,20.0,1.5,4004,0,-2.4,6606,31.3,9,47.6,0,1,6694,2,0.00
1086,18.5,20.0,1.5,4011,0,-3.0,6669,31.2,0,47.6,0,1,6704,2,0.00
1102,18.6,20.0,1.4,4008,0,-2.8,6672,31.1,2,47.6,0,1,6699,2,0.00
1118,18.6,20.0,1.4,4001,0,-2.3,6674,30.6,4,47.6,0,1,6689,2,0.00
1134,18.9,20.0,1.1,3990,0,-1.3,6610,30.6,6,47.6,0,1,6668,2,0.00
1165,19.0,20.0,1.0,3975,0,0.1,6612,30.8,8,47.6,0,1,6643,2,0.00
1180,19.1,20.0,0.9,3958,0,1.4,6677,30.8,9,47.6,0,1,6618,2,0.00
1195,19.1,20.0,0.9,3948,0,2.2,6678,31.4,9,47.6,0,1,6604,2,0.00
1225,18.9,20.0,1.1,3948,0,2.2,6615,31.2,9,47.6,0,1,6607,2,0.00
1242,18.7,20.0,1.3,3955,0,1.7,6613,31.2,9,47.6,0,1,6616,2,0.00
1257,18.5,20.0,1.5,3966,0,0.1,6677,31.4,0,47.6,0,1,6648,2,0.00
1349,18.5,20.0,1.5,3976,0,0.1,6675,31.4,84,47.6,0,1,6648,2,0.00
1365,18.4,20.0,1.6,3977,0,-0.1,6674,31.1,8,47.6,0,1,6652,2,0.00
1380,18.5,20.0,1.5,3985,0,-0.7,6612,31.1,9,47.6,0,1,6663,2,0.00
1410,18.6,20.0,1.4,3988,0,-0.9,6612,31.0,9,47.6,0,1,6666,2,0.00
1427,18.7,20.0,1.3,3980,0,-0.3,6677,31.3,1,47.6,0,1,6654,2,0.00
1442,18.8,20.0,1.2,3973,0,0.1,6677,30.7,3,47.6,0,1,6645,2,0.00
1457,18.7,20.0,1.3,3972,0,0.2,6613,31.3,5,47.6,0,1,6645,2,0.00
1489,18.6,20.0,1.4,3975,0,0.1,6613,31.2,7,47.6,0,1,6648,2,0.00
1503,18.5,20.0,1.5,3982,0,-0.4,6615,31.3,9,47.6,0,1,6658,2,0.00
1518,18.5,20.0,1.5,3985,0,-0.7,6678,31.3,9,47.6,0,1,6664,2,0.00
1550,18.5,20.0,1.5,3987,0,-1.0,6680,30.8,9,47.6,0,1,6670,2,0.00
1566,18.6,20.0,1.4,3986,0,-0.9,6615,30.9,9,47.6,0,1,6666,2,0.00
1581,18.7,20.0,1.3,3981,0,-0.4,6615,31.2,9,47.6,0,1,6655,2,0.00
1613,18.9,20.0,1.1,3963,0,1.1,6681,30.8,1,47.6,0,1,6627,2,0.00
1628,19.0,20.0,1.0,3955,0,1.6,6681,30.9,3,47.6,0,1,6616,2,0.00
1643,19.0,20.0,1.0,3951,0,2.0,6681,31.4,5,47.6,0,1,6609,2,0.00
1658,18.9,20.0,1.1,3952,0,2.1,6616,30.6,7,47.6,0,1,6608,2,0.00
1699,19.0,20.0,1.0,3952,0,2.2,6616,30.7,9,47.6,0,1,6606,2,0.00
1719,19.1,20.0,0.9,3947,0,2.4,6678,30.6,9,47.6,0,1,6601,2,0.00
1719,19.2,20.0,0.8,3941,0,2.7,6678,30.6,9,47.6,0,1,6594,2,0.00
1751,19.2,20.0,0.8,3940,0,2.9,6612,31.0,9,47.6,0,1,6591,2,0.00
1766,19.2,20.0,0.8,3941,0,2.9,6610,30.6,9,47.6,0,1,6591,2,0.00
1843,19.2,20.0,0.8,3940,0,2.8,6668,30.6,73,47.6,0,1,6593,2,0.00
1874,19.2,20.0,0.8,3940,0,2.6,6666,30.3,8,47.6,0,1,6596,2,0.00
1889,19.2,20.0,0.8,3946,0,2.0,6666,30.5,9,47.6,0,1,6607,2,0.00
1905,19.3,20.0,0.7,3954,0,1.5,6600,30.5,9,47.6,0,1,6615,2,0.00
1936,19.4,20.0,0.6,3959,0,1.0,6599,30.2,0,47.6,0,1,6623,2,0.00
1950,19.5,20.0,0.5,3956,0,1.1,6662,29.8,2,47.6,0,1,6619,2,0.00
1966,19.6,20.0,0.4,3951,0,1.4,6662,30.9,4,47.6,0,1,6613,2,0.00
1981,19.5,20.0,0.5,3952,0,1.3,6597,30.5,5,47.6,0,1,6615,2,0.00
2012,19.4,20.0,0.6,3958,0,0.9,6597,29.9,7,47.6,0,1,6624,2,0.00
2027,19.5,20.0,0.5,3961,0,0.7,6594,30.0,9,47.6,0,1,6627,2,0.00
2043,19.7,20.0,0.3,3955,0,1.1,6659,29.7,9,47.6,0,1,6618,2,0.00
2074,19.9,20.0,0.1,3945,0,1.7,6659,30.2,9,47.6,0,1,6605,2,0.00
2089,19.9,20.0,0.1,3941,0,2.2,6593,29.9,9,47.6,0,1,6595,2,0.00
2105,19.9,20.0,0.1,3940,0,2.5,6594,29.8,9,47.6,0,1,6590,2,0.00
2121,20.0,20.0,0.0,3938,0,2.8,6593,29.7,1,47.6,0,1,6583,2,0.00
2153,20.0,20.0,-0.0,3933,0,2.9,6656,29.6,3,47.6,0,1,6581,2,0.00
2168,20.1,20.0,-0.1,3929,0,3.1,6654,30.0,5,47.6,0,1,6578,2,0.00
2184,20.2,20.0,-0.2,3928,0,3.2,6587,29.3,7,47.6,0,1,6575,2,0.00
2215,20.3,20.0,-0.3,3925,0,3.5,6589,29.0,8,47.6,0,1,6568,2,0.00
2231,20.4,20.0,-0.4,3918,0,3.8,6650,29.5,9,47.6,0,1,6559,2,0.00
2247,20.5,20.0,-0.5,3916,0,4.1,6647,29.8,9,47.6,0,1,6555,2,0.00
2263,20.4,20.0,-0.4,3918,0,3.8,6645,29.3,9,47.6,0,1,6560,2,0.00
2356,20.4,20.0,-0.4,3921,0,3.5,6574,29.0,74,47.6,0,1,6566,2,0.00
2372,20.5,20.0,-0.5,3925,0,3.3,6635,29.8,9,47.6,0,1,6569,2,0.00
2388,20.5,20.0,-0.5,3931,0,2.6,6635,29.3,9,47.6,0,1,6580,2,0.00
2419,20.5,20.0,-0.5,3939,0,1.8,6634,29.5,9,47.6,0,1,6596,2,0.00
2435,20.5,20.0,-0.5,3946,0,1.0,6568,28.8,9,47.6,0,1,6610,2,0.00
2450,20.5,20.0,-0.5,3957,0,-0.2,6568,29.1,0,47.6,0,1,6630,2,0.00
2466,20.5,20.0,-0.5,3967,0,-0.5,6632,29.4,2,47.6,0,1,6637,2,0.00
2497,20.6,20.0,-0.6,3966,0,-0.6,6632,29.3,4,47.6,0,1,6637,2,0.00
2511,20.5,20.0,-0.5,3969,0,-0.9,6632,29.4,6,47.6,0,1,6644,2,0.00
2527,20.5,20.0,-0.5,3969,0,-1.1,6570,29.7,8,47.6,0,1,6647,2,0.00
2558,20.4,20.0,-0.4,3976,0,-1.4,6571,29.6,9,47.6,0,1,6655,2,0.00
2573,20.3,20.0,-0.3,3985,0,-1.9,6635,29.9,9,47.6,0,1,6664,2,0.00
2589,20.1,20.0,-0.1,3991,0,-2.5,6637,29.8,9,47.6,0,1,6677,2,0.00
2619,20.1,20.0,-0.1,3997,0,-3.1,6638,29.4,9,47.6,0,1,6688,2,0.00
2634,20.2,20.0,-0.2,3995,0,-3.1,6577,29.3,9,47.6,0,1,6687,2,0.00
2650,20.6,20.0,-0.6,3990,0,-1.2,6578,28.9,1,47.6,0,1,6647,2,0.00
2681,20.8,20.0,-0.8,3957,0,0.4,6644,29.4,3,47.6,0,1,6617,2,0.00
2697,20.8,20.0,-0.8,3943,0,1.6,6645,29.3,5,47.6,0,1,6594,2,0.00
2712,20.6,20.0,-0.6,3937,0,2.1,6645,29.9,7,47.6,0,1,6588,2,0.00
2727,20.3,20.0,-0.3,3945,0,1.5,6581,30.1,9,47.6,0,1,6602,2,0.00
2757,20.0,20.0,-0.0,3961,0,0.3,6583,30.3,9,47.6,0,1,6628,2,0.00
2773,19.8,20.0,0.2,3982,0,-1.3,6645,30.1,9,47.6,0,1,6660,2,0.00
2851,19.7,20.0,0.3,3998,0,-2.7,6651,29.6,74,47.6,0,1,6685,2,0.00
2882,19.9,20.0,0.1,3998,0,-2.7,6590,29.5,9,47.6,0,1,6684,2,0.00
2897,20.1,20.0,-0.1,3993,0,-2.2,6590,30.4,9,47.6,0,1,6673,2,0.00
2927,20.0,20.0,0.0,3989,0,-2.0,6657,30.8,9,47.6,0,1,6670,2,0.00
2943,19.6,20.0,0.4,3996,0,-2.5,6659,30.5,9,47.5,0,1,6682,2,0.00
2958,19.3,20.0,0.7,4011,0,-3.6,6660,30.6,9,47.5,0,1,6707,2,0.00
2974,19.3,20.0,0.7,4022,0,-4.8,6599,30.4,0,47.5,0,1,6727,2,0.00
3004,19.5,20.0,0.5,4022,0,-4.4,6600,29.6,2,47.5,0,1,6718,2,0.00
3019,19.7,20.0,0.3,4006,0,-3.1,6668,29.7,4,47.5,0,1,6693,2,0.00
3035,20.0,20.0,0.0,3984,0,-1.4,6671,30.1,6,47.5,0,1,6659,2,0.00
3051,20.0,20.0,-0.0,3965,0,0.2,6607,30.0,8,47.5,0,1,6630,2,0.00
3081,19.9,20.0,0.1,3958,0,1.0,6609,30.1,9,47.5,0,1,6616,2,0.00
3096,19.7,20.0,0.3,3957,0,1.4,6610,30.8,9,47.5,0,1,6612,2,0.00
3112,19.5,20.0,0.5,3961,0,0.9,6672,30.7,9,47.5,0,1,6623,2,0.00
3142,19.3,20.0,0.7,3971,0,0.0,6674,30.5,9,47.5,0,1,6641,2,0.00
3158,19.2,20.0,0.8,3985,0,-1.0,6607,30.3,9,47.5,0,1,6662,2,0.00
3172,19.4,20.0,0.6,3993,0,-1.7,6607,29.6,1,47.5,0,1,6672,2,0.00
3203,19.6,20.0,0.4,3985,0,-1.0,6674,29.7,3,47.5,0,1,6656,2,0.00
3218,19.9,20.0,0.1,3967,0,0.3,6674,30.0,5,47.5,0,1,6629,2,0.00
3234,20.0,20.0,-0.0,3951,0,1.6,6675,30.4,7,47.5,0,1,6605,2,0.00
3266,19.8,20.0,0.2,3950,0,1.9,6610,30.5,9,47.5,0,1,6601,2,0.00
3282,19.5,20.0,0.5,3958,0,1.4,6610,30.8,9,47.5,0,1,6614,2,0.00
3359,19.3,20.0,0.7,3966,0,0.5,6674,30.0,73,47.5,0,1,6632,2,0.00
3375,19.6,20.0,0.4,3964,0,0.4,6672,30.2,6,47.5,0,1,6630,2,0.00
3405,19.8,20.0,0.2,3961,0,0.8,6607,30.1,8,47.5,0,1,6623,2,0.00
3421,19.7,20.0,0.3,3961,0,0.9,6609,29.8,9,47.5,0,1,6620,2,0.00
3435,19.7,20.0,0.3,3961,0,1.0,6672,30.0,9,47.5,0,1,6619,2,0.00
3468,19.9,20.0,0.1,3956,0,1.2,6672,29.7,9,47.5,0,1,6613,2,0.00
3482,19.9,20.0,0.1,3951,0,1.5,6671,30.3,9,47.5,0,1,6608,2,0.00
3498,19.8,20.0,0.2,3951,0,1.4,6607,29.9,0,47.5,0,1,6610,2,0.00
3529,19.8,20.0,0.2,3957,0,1.2,6607,30.0,2,47.5,0,1,6614,2,0.00
3545,19.8,20.0,0.2,3957,0,1.0,6671,30.2,4,47.5,0,1,6618,2,0.00
3561,19.7,20.0,0.3,3961,0,0.6,6669,30.8,5,47.5,0,1,6626,2,0.00
3576,19.5,20.0,0.5,3972,0,-0.4,6606,30.9,7,47.5,0,1,6648,2,0.00
3607,19.2,20.0,0.8,3992,0,-1.9,6606,30.6,9,47.5,0,1,6678,2,0.00
3622,19.0,20.0,1.0,4012,0,-3.5,6607,30.7,9,47.5,0,1,6708,2,0.00
3637,19.1,20.0,0.9,4020,0,-4.3,6671,30.4,9,47.5,0,1,6723,2,0.00
3668,19.1,20.0,0.9,4023,0,-4.7,6674,31.1,9,47.5,0,1,6730,2,0.00
3682,19.0,20.0,1.0,4031,0,-5.2,6612,31.3,9,47.5,0,1,6739,2,0.00
3699,18.6,20.0,1.4,4050,0,-6.5,6613,31.6,1,47.5,0,1,6768,2,0.00
3730,18.4,20.0,1.6,4059,0,-7.1,6683,31.5,3,47.5,0,1,6780,2,0.00
3745,18.3,20.0,1.7,4063,0,-7.4,6685,31.4,5,47.5,0,1,6788,2,0.00
3761,18.3,20.0,1.7,4064,0,-7.5,6688,31.5,7,47.5,0,1,6791,2,0.00
3777,18.3,20.0,1.7,4063,0,-7.2,6631,31.5,9,47.5,0,1,6785,2,0.00
3869,18.3,20.0,1.7,4059,0,-6.6,6711,31.6,74,47.5,0,1,6775,2,0.00
3884,18.2,20.0,1.8,4035,0,-4.5,6714,31.9,5,47.5,0,1,6736,2,0.00
3900,18.3,20.0,1.7,4012,0,-2.6,6653,31.2,7,47.5,0,1,6701,2,0.00
3931,18.3,20.0,1.7,3995,0,-1.0,6654,31.5,9,47.5,0,1,6672,2,0.00
3946,18.4,20.0,1.6,3979,0,0.6,6720,31.4,9,49.6,0,1,6644,2,0.00
3962,18.3,20.0,1.7,3967,0,1.5,6720,31.6,9,49.6,0,1,6628,2,0.00
3994,18.3,20.0,1.7,3960,0,2.1,6656,31.6,9,49.6,0,1,6618,2,0.00
4010,18.2,20.0,1.8,3959,0,2.3,6653,31.5,9,49.6,0,1,6616,2,0.00
4026,18.2,20.0,1.8,3961,0,2.2,6653,31.3,0,49.6,0,1,6618,2,0.00
4040,18.2,20.0,1.8,3962,0,1.9,6717,31.8,2,49.6,0,1,6622,2,0.00
4072,18.1,20.0,1.9,3966,0,1.5,6715,31.9,4,49.6,0,1,6632,2,0.00
4087,18.0,20.0,2.0,3973,0,0.8,6648,31.3,6,49.6,0,1,6646,2,0.00
4102,17.9,20.0,2.1,3986,0,-0.0,6648,31.9,8,49.6,0,1,6660,2,0.00
4133,18.1,20.0,1.9,3988,0,-0.2,6711,31.3,9,49.6,0,1,6662,2,0.00
4149,18.2,20.0,1.8,3984,0,-0.1,6709,31.5,9,49.6,0,1,6658,2,0.00
4165,18.3,20.0,1.7,3977,0,0.4,6647,31.9,9,49.6,0,1,6649,2,0.00
4181,18.1,20.0,1.9,3981,0,0.2,6645,32.0,9,49.6,0,1,6654,2,0.00
4212,17.9,20.0,2.1,3987,0,-0.9,6711,31.4,0,49.6,0,1,6676,2,0.00
4227,18.0,20.0,2.0,3994,0,-1.1,6711,31.8,2,49.6,0,1,6679,2,0.00
4243,18.2,20.0,1.8,3990,0,-0.8,6709,31.4,3,49.6,0,1,6672,2,0.00
4272,18.2,20.0,1.8,3988,0,-0.5,6645,31.7,5,49.6,0,1,6667,2,0.00
4288,18.3,20.0,1.7,3983,0,0.0,6645,31.4,7,49.6,0,1,6656,2,0.00
4366,18.2,20.0,1.8,3977,0,0.3,6645,31.5,66,49.6,0,1,6651,2,0.00
4382,18.3,20.0,1.7,3976,0,0.4,6644,31.8,8,49.6,0,1,6649,2,0.00
4397,18.2,20.0,1.8,3978,0,0.3,6644,31.8,9,49.6,0,1,6652,2,0.00
4428,18.1,20.0,1.9,3981,0,-0.3,6709,31.3,0,49.6,0,1,6664,2,0.00
4444,18.2,20.0,1.8,3981,0,-0.2,6709,31.7,2,49.6,0,1,6662,2,0.00
4460,18.3,20.0,1.7,3978,0,0.2,6643,31.4,4,49.6,0,1,6653,2,0.00
4490,18.3,20.0,1.7,3977,0,0.4,6643,31.6,5,49.6,0,1,6649,2,0.00
4505,18.3,20.0,1.7,3972,0,0.7,6708,31.2,7,49.6,0,1,6645,2,0.00
4522,18.2,20.0,1.8,3971,0,0.7,6706,32.0,9,49.6,0,1,6646,2,0.00
4537,18.2,20.0,1.8,3973,0,0.4,6643,31.8,9,49.6,0,1,6650,2,0.00
4568,18.0,20.0,2.0,3982,0,-0.2,6643,31.9,9,49.6,0,1,6664,2,0.00
4584,17.9,20.0,2.1,3992,0,-0.8,6641,31.6,9,49.6,0,1,6677,2,0.00
4599,17.9,20.0,2.1,3995,0,-1.3,6708,31.8,9,49.6,0,1,6685,2,0.00
4630,18.1,20.0,1.9,3994,0,-1.3,6706,31.7,1,49.6,0,1,6683,2,0.00
4646,18.1,20.0,1.9,3992,0,-1.1,6643,32.0,2,49.6,0,1,6679,2,0.00
4662,18.0,20.0,2.0,3994,0,-1.1,6644,31.9,4,49.6,0,1,6680,2,0.00
4678,17.9,20.0,2.1,3994,0,-1.2,6709,31.5,6,49.6,0,1,6684,2,0.00
4709,17.9,20.0,2.1,3996,0,-1.4,6708,31.9,8,49.6,0,1,6688,2,0.00
4741,17.9,20.0,2.1,3996,0,-1.5,6645,32.0,9,49.6,0,1,6690,2,0.00
4741,17.9,20.0,2.1,3998,0,-1.5,6645,31.7,9,49.6,0,1,6690,2,0.00
4757,17.9,20.0,2.1,3998,0,-1.3,6645,31.7,9,49.6,0,1,6685,2,0.00
4788,18.0,20.0,2.0,3992,0,-0.9,6709,31.6,9,49.6,0,1,6677,2,0.00
4865,18.1,20.0,1.9,3985,0,-0.3,6647,32.2,76,49.6,0,1,6666,2,0.00
4897,18.0,20.0,2.0,3985,0,-0.2,6711,31.8,8,49.6,0,1,6665,2,0.00
4912,18.0,20.0,2.0,3981,0,0.1,6712,31.7,9,49.6,0,1,6661,2,0.00
4928,18.0,20.0,2.0,3977,0,0.5,6645,32.1,0,49.6,0,1,6652,2,0.00
4958,18.1,20.0,1.9,3973,0,0.8,6647,31.7,2,47.9,0,1,6647,2,0.00
4973,18.0,20.0,2.0,3973,0,0.8,6711,31.8,4,47.9,0,1,6646,2,0.00
4988,18.0,20.0,2.0,3971,0,0.9,6711,31.4,6,47.9,0,1,6646,2,0.00
5019,18.0,20.0,2.0,3971,0,0.8,6709,31.8,8,47.9,0,1,6648,2,0.00
5034,18.0,20.0,2.0,3974,0,0.6,6644,31.8,9,47.9,0,1,6651,2,0.00
5049,18.0,20.0,2.0,3977,0,0.4,6644,31.8,9,47.9,0,1,6655,2,0.00
5065,18.0,20.0,2.0,3978,0,0.2,6708,31.8,9,47.9,0,1,6659,2,0.00
5096,18.0,20.0,2.0,3978,0,0.0,6708,31.8,9,47.9,0,1,6662,2,0.00
5111,18.0,20.0,2.0,3979,0,-0.1,6644,31.8,9,47.9,0,1,6664,2,0.00
5127,18.0,20.0,2.0,3982,0,-0.3,6643,31.4,1,47.9,0,1,6668,2,0.00
5158,18.1,20.0,1.9,3980,0,0.0,6706,31.3,3,47.9,0,1,6661,2,0.00
5174,18.2,20.0,1.8,3971,0,0.6,6705,31.6,5,47.9,0,1,6649,2,0.00
5189,18.3,20.0,1.7,3963,0,1.2,6640,32.4,7,47.9,0,1,6637,2,0.00
5204,18.1,20.0,1.9,3966,0,1.1,6641,32.0,9,47.9,0,1,6641,2,0.00
5236,17.9,20.0,2.1,3976,0,0.5,6640,31.6,9,47.9,0,1,6655,2,0.00
5251,17.9,20.0,2.1,3981,0,-0.1,6703,31.3,9,47.9,0,1,6665,2,0.00
5267,18.1,20.0,1.9,3976,0,0.1,6703,31.3,9,47.9,0,1,6659,2,0.00
5299,18.4,20.0,1.6,3965,0,0.8,6637,31.1,9,47.9,0,1,6643,2,0.00
5376,18.5,20.0,1.5,3954,0,1.8,6697,31.1,73,47.9,0,1,6624,2,0.00
5391,18.6,20.0,1.4,3953,0,2.0,6696,31.2,8,47.9,0,1,6620,2,0.00
5422,18.6,20.0,1.4,3946,0,2.4,6694,31.8,9,47.9,0,1,6612,2,0.00
5437,18.5,20.0,1.5,3946,0,2.4,6628,31.4,9,47.9,0,1,6614,2,0.00
5453,18.4,20.0,1.6,3954,0,1.4,6626,31.6,0,47.9,0,1,6634,2,0.00
5469,18.4,20.0,1.6,3962,0,1.0,6687,30.7,2,47.9,0,1,6640,2,0.00
5501,18.4,20.0,1.6,3967,0,0.7,6685,31.4,3,47.9,0,1,6646,2,0.00
5516,18.4,20.0,1.6,3970,0,0.4,6684,31.4,5,47.9,0,1,6652,2,0.00
5531,18.4,20.0,1.6,3977,0,-0.1,6618,31.6,7,47.9,0,1,6660,2,0.00
5562,18.4,20.0,1.6,3982,0,-0.4,6619,31.4,9,47.9,0,1,6667,2,0.00
5578,18.3,20.0,1.7,3985,0,-0.8,6681,31.5,9,47.9,0,1,6673,2,0.00
5593,18.3,20.0,1.7,3989,0,-1.0,6681,31.3,9,47.9,0,1,6678,2,0.00
5608,18.4,20.0,1.6,3988,0,-1.1,6618,31.3,9,47.9,0,1,6678,2,0.00
5639,18.4,20.0,1.6,3988,0,-0.9,6616,30.8,9,47.9,0,1,6674,2,0.00
5655,18.7,20.0,1.3,3984,0,0.4,6683,30.6,1,47.9,0,1,6648,2,0.00
5670,19.0,20.0,1.0,3957,0,1.6,6683,30.2,3,47.9,0,1,6623,2,0.00
5701,19.1,20.0,0.9,3940,0,3.0,6683,30.7,5,47.9,0,1,6597,2,0.00
5716,19.2,20.0,0.8,3930,0,4.0,6616,31.4,7,47.9,0,1,6579,2,0.00
5732,19.0,20.0,1.0,3931,0,4.0,6615,31.2,9,47.9,0,1,6579,2,0.00
5748,18.7,20.0,1.3,3941,0,3.4,6677,30.6,9,47.9,0,1,6594,2,0.00
5779,18.8,20.0,1.2,3944,0,2.8,6675,30.6,9,47.9,0,1,6604,2,0.00
5794,19.0,20.0,1.0,3942,0,2.7,6609,30.8,9,47.9,0,1,6604,2,0.00
5886,19.2,20.0,0.8,3939,0,3.0,6602,30.4,73,47.9,0,1,6596,2,0.00
5902,19.3,20.0,0.7,3940,0,2.9,6665,30.2,8,47.9,0,1,6596,2,0.00
5917,19.3,20.0,0.7,3940,0,2.8,6663,30.7,9,47.9,0,1,6598,2,0.00
5932,19.3,20.0,0.7,3943,0,2.4,6662,30.8,9,47.9,0,1,6605,2,0.00
5964,19.2,20.0,0.8,3952,0,1.8,6596,30.4,9,47.6,0,1,6618,2,0.00
5979,19.2,20.0,0.8,3962,0,0.4,6594,30.0,0,47.6,0,1,6642,2,0.00
5995,19.2,20.0,0.8,3972,0,0.0,6657,30.8,2,47.6,0,1,6650,2,0.00
6027,19.3,20.0,0.7,3971,0,-0.1,6656,30.4,4,47.6,0,1,6650,2,0.00
6042,19.3,20.0,0.7,3971,0,-0.1,6656,30.4,6,47.6,0,1,6651,2,0.00
6058,19.4,20.0,0.6,3970,0,0.1,6593,30.6,7,47.6,0,1,6646,2,0.00
6073,19.4,20.0,0.6,3970,0,0.3,6593,29.9,9,47.6,0,1,6643,2,0.00
6105,19.6,20.0,0.4,3964,0,0.8,6656,29.6,9,47.6,0,1,6630,2,0.00
6121,19.9,20.0,0.1,3949,0,1.9,6657,29.6,9,47.6,0,1,6608,2,0.00
6136,20.1,20.0,-0.1,3929,0,3.4,6591,30.2,9,47.6,0,1,6578,2,0.00
6152,20.0,20.0,-0.0,3922,0,4.1,6591,30.5,9,47.6,0,1,6566,2,0.00
6183,19.4,20.0,0.6,3930,0,2.5,6590,30.2,1,47.6,0,1,6603,2,0.00
6198,19.3,20.0,0.7,3961,0,1.0,6650,30.6,3,47.6,0,1,6631,2,0.00
6214,19.3,20.0,0.7,3974,0,-0.2,6650,30.4,5,47.6,0,1,6652,2,0.00
6244,19.3,20.0,0.7,3983,0,-1.0,6586,29.7,7,47.6,0,1,6666,2,0.00
6259,19.5,20.0,0.5,3987,0,-1.3,6586,30.2,9,47.6,0,1,6669,2,0.00
6274,19.5,20.0,0.5,3988,0,-1.2,6584,30.2,9,47.6,0,1,6668,2,0.00
6306,19.6,20.0,0.4,3983,0,-1.0,6648,29.2,9,47.6,0,1,6663,2,0.00
6384,19.7,20.0,0.3,3977,0,-0.4,6589,29.8,74,47.6,0,1,6651,2,0.00
6399,19.9,20.0,0.1,3975,0,-0.2,6589,30.1,9,47.6,0,1,6645,2,0.00
6430,20.0,20.0,0.0,3963,0,0.8,6589,29.9,9,47.6,0,1,6626,2,0.00
6445,20.0,20.0,0.0,3955,0,1.5,6653,29.8,9,47.6,0,1,6614,2,0.00
6461,19.9,20.0,0.1,3950,0,1.8,6651,30.3,9,47.6,0,1,6608,2,0.00
6493,19.8,20.0,0.2,3954,0,1.7,6586,30.6,9,47.6,0,1,6612,2,0.00
6508,19.4,20.0,0.6,3963,0,0.1,6586,29.9,0,47.6,0,1,6646,2,0.00
6524,19.6,20.0,0.4,3981,0,-0.4,6650,29.5,2,47.6,0,1,6652,2,0.00
6539,19.7,20.0,0.3,3978,0,-0.3,6650,30.2,4,47.6,0,1,6648,2,0.00
6570,19.8,20.0,0.2,3973,0,-0.0,6648,30.4,6,47.6,0,1,6643,2,0.00
6586,19.6,20.0,0.4,3978,0,-0.2,6586,30.7,8,47.6,0,1,6649,2,0.00
6602,19.5,20.0,0.5,3987,0,-0.8,6584,30.3,9,47.6,0,1,6662,2,0.00
6618,19.3,20.0,0.7,3996,0,-1.7,6648,31.2,9,47.6,0,1,6680,2,0.00
6649,19.0,20.0,1.0,4014,0,-3.0,6648,31.5,9,47.6,0,1,6706,2,0.00
6664,18.6,20.0,1.4,4036,0,-4.8,6650,31.5,9,47.6,0,1,6744,2,0.00
6679,18.4,20.0,1.6,4061,0,-6.7,6589,31.2,9,47.6,0,1,6782,2,0.00
6711,18.3,20.0,1.7,4086,0,-8.8,6591,31.3,1,47.6,0,1,6819,2,0.00
6726,18.4,20.0,1.6,4083,0,-8.6,6660,30.8,3,47.6,0,1,6815,2,0.00
6741,18.6,20.0,1.4,4068,0,-7.5,6663,30.5,5,47.6,0,1,6792,2,0.00
6787,18.8,20.0,1.2,4048,0,-5.8,6666,31.2,7,47.6,0,1,6759,2,0.00
6787,18.9,20.0,1.1,4031,0,-4.0,6606,31.2,9,47.6,0,1,6727,2,0.00
6819,18.7,20.0,1.3,4021,0,-2.7,6609,31.5,9,47.6,0,1,6706,2,0.00
6896,18.5,20.0,1.5,4017,0,-2.1,6678,31.4,74,47.6,0,1,6697,2,0.00
6927,18.4,20.0,1.6,4009,0,-1.4,6615,31.6,7,47.6,0,1,6686,2,0.00
6928,18.3,20.0,1.7,4007,0,-1.0,6618,31.6,9,47.6,0,1,6681,2,0.00
6943,18.2,20.0,1.8,4008,0,-0.9,6616,31.3,9,47.6,0,1,6679,2,0.00
6975,18.2,20.0,1.8,4006,0,-0.9,6683,31.6,9,48.5,0,1,6680,2,0.00
6990,18.2,20.0,1.8,4005,0,-0.9,6683,31.9,9,48.5,0,1,6679,2,0.00
7022,18.1,20.0,1.9,4005,0,-1.0,6618,31.8,9,48.5,0,1,6682,2,0.00
7036,18.0,20.0,2.0,4010,0,-1.3,6618,31.6,1,48.5,0,1,6688,2,0.00
7052,18.1,20.0,1.9,4011,0,-1.1,6684,31.6,3,48.5,0,1,6685,2,0.00
7068,18.2,20.0,1.8,4005,0,-0.8,6684,31.8,5,48.5,0,1,6678,2,0.00
7083,18.1,20.0,1.9,4004,0,-0.6,6621,31.9,6,48.5,0,1,6676,2,0.00
7113,18.0,20.0,2.0,4006,0,-0.6,6621,31.6,8,48.5,0,1,6677,2,0.00
7129,18.0,20.0,2.0,4007,0,-0.6,6621,31.5,9,48.5,0,1,6677,2,0.00
7145,18.1,20.0,1.9,4003,0,-0.4,6685,31.7,9,48.5,0,1,6672,2,0.00
7176,18.1,20.0,1.9,3999,0,-0.1,6685,31.9,9,48.5,0,1,6667,2,0.00
7191,18.0,20.0,2.0,3999,0,-0.2,6622,31.9,9,48.5,0,1,6669,2,0.00
7207,17.9,20.0,2.1,4006,0,-0.8,6619,31.7,0,48.5,0,1,6683,2,0.00
7222,17.9,20.0,2.1,4013,0,-0.9,6684,31.3,2,48.5,0,1,6683,2,0.00
7254,18.0,20.0,2.0,4010,0,-0.7,6684,32.0,4,48.5,0,1,6680,2,0.00
7269,18.0,20.0,2.0,4006,0,-0.5,6685,31.8,6,48.5,0,1,6675,2,0.00
7284,18.0,20.0,2.0,4006,0,-0.4,6622,31.0,8,48.5,0,1,6673,2,0.00
7315,18.0,20.0,2.0,4006,0,-0.2,6622,31.7,9,48.5,0,1,6671,2,0.00
7392,18.3,20.0,1.7,3994,0,0.6,6683,31.0,74,48.5,0,1,6653,2,0.00
7407,18.4,20.0,1.6,3984,0,1.3,6618,31.9,6,48.5,0,1,6638,2,0.00
7439,18.1,20.0,1.9,3992,0,1.0,6618,32.1,8,48.5,0,1,6649,2,0.00
7455,18.0,20.0,2.0,4000,0,0.4,6618,31.8,9,48.5,0,1,6661,2,0.00
7471,17.9,20.0,2.1,4007,0,-0.3,6680,31.7,9,48.5,0,1,6674,2,0.00
7501,18.0,20.0,2.0,4009,0,-0.6,6680,31.2,9,48.5,0,1,6679,2,0.00
7518,18.1,20.0,1.9,4008,0,-0.4,6616,31.4,9,48.5,0,1,6674,2,0.00
7533,18.3,20.0,1.7,4003,0,0.1,6616,31.7,9,48.5,0,1,6663,2,0.00
7548,18.1,20.0,1.9,3999,0,0.4,6678,32.0,1,48.5,0,1,6658,2,0.00
7579,18.0,20.0,2.0,4003,0,0.0,6680,31.8,3,48.5,0,1,6667,2,0.00
7595,18.0,20.0,2.0,4007,0,-0.4,6678,31.8,5,48.5,0,1,6675,2,0.00
7611,18.0,20.0,2.0,4014,0,-0.7,6615,31.8,7,48.5,0,1,6680,2,0.00
7641,18.0,20.0,2.0,4018,0,-0.9,6615,31.9,9,48.5,0,1,6684,2,0.00
7657,18.0,20.0,2.0,4018,0,-1.0,6678,31.4,9,48.5,0,1,6686,2,0.00
7672,18.0,20.0,2.0,4015,0,-0.9,6680,31.6,9,48.5,0,1,6683,2,0.00
7687,18.1,20.0,1.9,4013,0,-0.6,6615,32.3,9,48.5,0,1,6677,2,0.00
7718,18.0,20.0,2.0,4014,0,-0.5,6616,32.0,9,48.5,0,1,6676,2,0.00
7734,17.9,20.0,2.1,4019,0,-0.9,6616,31.6,1,48.5,0,1,6685,2,0.00
7750,18.0,20.0,2.0,4015,0,-0.6,6681,32.1,3,48.5,0,1,6678,2,0.00
7781,18.1,20.0,1.9,4008,0,-0.1,6681,31.7,4,48.5,0,1,6668,2,0.00
7797,18.1,20.0,1.9,4005,0,0.2,6618,31.6,6,48.5,0,1,6663,2,0.00
7812,18.1,20.0,1.9,4004,0,0.5,6619,31.6,8,48.5,0,1,6658,2,0.00
7906,18.1,20.0,1.9,4000,0,0.7,6680,31.8,73,48.5,0,1,6654,2,0.00
7922,18.0,20.0,2.0,4002,0,0.5,6680,31.2,4,48.5,0,1,6659,2,0.00
7937,17.9,20.0,2.1,4011,0,-0.1,6615,32.0,6,48.5,0,1,6671,2,0.00
7953,18.0,20.0,2.0,4013,0,-0.2,6615,31.4,8,48.5,0,1,6671,2,0.00
7984,18.1,20.0,1.9,4014,0,-0.2,6678,31.7,9,49.6,0,1,6671,2,0.00
8000,18.2,20.0,1.8,4008,0,0.2,6678,31.6,9,49.6,0,1,6663,2,0.00
8015,18.1,20.0,1.9,4007,0,0.2,6678,32.0,9,49.6,0,1,6663,2,0.00
8047,18.1,20.0,1.9,4008,0,0.3,6613,31.6,9,49.6,0,1,6661,2,0.00
8062,18.0,20.0,2.0,4013,0,0.0,6613,32.2,9,49.6,0,1,6668,2,0.00
8078,17.8,20.0,2.2,4026,0,-1.2,6678,31.6,1,49.6,0,1,6693,2,0.00
8093,17.9,20.0,2.1,4027,0,-1.3,6677,31.2,3,49.6,0,1,6694,2,0.00
8124,18.1,20.0,1.9,4023,0,-1.0,6613,31.5,5,49.6,0,1,6686,2,0.00
8140,18.2,20.0,1.8,4013,0,-0.2,6615,31.5,7,49.6,0,1,6670,2,0.00
8155,18.3,20.0,1.7,4006,0,0.5,6616,31.4,9,49.6,0,1,6657,2,0.00
8186,18.3,20.0,1.7,3998,0,1.1,6681,31.4,9,49.6,0,1,6645,2,0.00
8201,18.3,20.0,1.7,3991,0,1.7,6681,31.3,9,49.6,0,1,6635,2,0.00
8217,18.4,20.0,1.6,3987,0,2.1,6618,31.7,9,49.6,0,1,6627,2,0.00
8232,18.3,20.0,1.7,3988,0,2.2,6616,31.6,9,49.6,0,1,6627,2,0.00
8264,18.1,20.0,1.9,3991,0,1.2,6680,31.9,1,49.6,0,1,6648,2,0.00
8278,18.0,20.0,2.0,4007,0,0.4,6680,31.3,3,49.6,0,1,6663,2,0.00
8294,18.1,20.0,1.9,4009,0,0.1,6678,30.9,5,49.6,0,1,6667,2,0.00
8326,18.3,20.0,1.7,4008,0,0.3,6616,31.3,6,49.6,0,1,6661,2,0.00
8404,18.3,20.0,1.7,4011,0,0.3,6681,31.3,90,49.6,0,1,6661,2,0.00
8420,18.4,20.0,1.6,4006,0,0.6,6681,31.5,2,49.6,0,1,6655,2,0.00
8443,18.3,20.0,1.7,4005,0,0.6,6681,31.5,4,49.6,0,1,6656,2,0.00
8466,18.3,20.0,1.7,4009,0,0.3,6616,31.8,6,49.6,0,1,6661,2,0.00
8482,18.3,20.0,1.7,4013,0,0.1,6616,31.2,8,49.6,0,1,6664,2,0.00
8497,18.3,20.0,1.7,4013,0,-0.0,6681,31.5,9,49.6,0,1,6667,2,0.00
8528,18.4,20.0,1.6,4009,0,0.1,6681,31.2,9,49.6,0,1,6664,2,0.00
8543,18.4,20.0,1.6,4005,0,0.4,6618,31.3,9,49.6,0,1,6658,2,0.00
8558,18.5,20.0,1.5,4002,0,0.8,6618,31.4,9,49.6,0,1,6651,2,0.00
8589,18.3,20.0,1.7,4003,0,0.4,6683,31.8,0,49.6,0,1,6660,2,0.00
8605,18.1,20.0,1.9,4017,0,-0.3,6684,31.7,2,49.6,0,1,6676,2,0.00
8621,18.0,20.0,2.0,4026,0,-1.2,6683,31.6,4,49.6,0,1,6692,2,0.00
8636,18.1,20.0,1.9,4032,0,-1.7,6619,31.3,6,49.6,0,1,6700,2,0.00
8667,18.2,20.0,1.8,4033,0,-1.7,6621,31.5,8,49.6,0,1,6699,2,0.00
8683,18.3,20.0,1.7,4027,0,-1.3,6687,31.3,9,49.6,0,1,6690,2,0.00
8698,18.4,20.0,1.6,4018,0,-0.6,6688,30.9,9,49.6,0,1,6677,2,0.00
8729,18.5,20.0,1.5,4008,0,0.1,6691,31.4,9,49.6,0,1,6663,2,0.00
8745,18.4,20.0,1.6,4005,0,0.6,6626,31.5,9,49.6,0,1,6655,2,0.00
8760,18.4,20.0,1.6,4004,0,0.9,6628,31.0,9,49.6,0,1,6651,2,0.00
8790,18.3,20.0,1.7,4004,0,0.8,6691,31.4,1,49.6,0,1,6652,2,0.00
8806,18.3,20.0,1.7,4003,0,0.8,6693,31.4,3,49.6,0,1,6654,2,0.00
8822,18.4,20.0,1.6,4005,0,0.7,6628,31.2,5,49.6,0,1,6653,2,0.00
8899,18.4,20.0,1.6,4007,0,0.7,6691,31.2,81,49.6,0,1,6653,2,0.00
8915,18.4,20.0,1.6,4004,0,0.7,6691,31.2,8,49.6,0,1,6653,2,0.00
8931,18.5,20.0,1.5,4001,0,0.9,6693,30.9,9,49.6,0,1,6650,2,0.00
8961,18.6,20.0,1.4,3998,0,1.2,6628,31.1,9,49.6,0,1,6643,2,0.00
8977,18.7,20.0,1.3,3994,0,1.6,6628,30.9,9,47.0,0,1,6633,2,0.00
8992,18.7,20.0,1.3,3988,0,2.2,6691,31.1,0,47.0,0,1,6623,2,0.00
9024,18.6,20.0,1.4,3987,0,2.0,6691,31.4,2,47.0,0,1,6628,2,0.00
9039,18.6,20.0,1.4,3993,0,1.6,6625,31.2,4,47.0,0,1,6635,2,0.00
9054,18.6,20.0,1.4,3999,0,1.2,6625,30.7,6,47.0,0,1,6644,2,0.00
9086,18.6,20.0,1.4,4004,0,0.8,6626,31.3,8,47.0,0,1,6651,2,0.00
9102,18.6,20.0,1.4,4004,0,0.6,6691,31.0,9,47.0,0,1,6654,2,0.00
9118,18.7,20.0,1.3,4002,0,0.5,6690,30.8,9,47.0,0,1,6654,2,0.00
9133,18.8,20.0,1.2,4002,0,0.7,6625,31.5,9,47.0,0,1,6650,2,0.00
9164,18.8,20.0,1.2,4002,0,0.7,6626,31.0,9,47.0,0,1,6649,2,0.00
9180,18.5,20.0,1.5,4005,0,-0.2,6691,31.8,0,47.0,0,1,6670,2,0.00
9196,18.3,20.0,1.7,4024,0,-1.2,6691,31.6,2,47.0,0,1,6690,2,0.00
9226,18.2,20.0,1.8,4033,0,-2.1,6628,31.5,4,47.0,0,1,6708,2,0.00
9241,18.2,20.0,1.8,4043,0,-2.8,6629,31.5,6,47.0,0,1,6721,2,0.00
9257,18.2,20.0,1.8,4048,0,-3.2,6631,30.7,8,47.0,0,1,6727,2,0.00
9272,18.5,20.0,1.5,4038,0,-2.5,6696,30.5,9,47.0,0,1,6711,2,0.00
9304,18.8,20.0,1.2,4020,0,-1.2,6699,30.7,9,47.0,0,1,6684,2,0.00
9320,19.2,20.0,0.8,3997,0,0.8,6637,30.4,9,47.0,0,1,6644,2,0.00
9413,19.3,20.0,0.7,3974,0,2.6,6700,30.4,76,47.0,0,1,6610,2,0.00
9429,19.4,20.0,0.6,3969,0,2.9,6634,30.5,8,47.0,0,1,6604,2,0.00
9445,19.4,20.0,0.6,3962,0,3.6,6634,31.1,9,47.0,0,1,6590,2,0.00
9460,19.2,20.0,0.8,3966,0,3.6,6632,31.0,9,47.0,0,1,6595,2,0.00
9491,18.8,20.0,1.2,3973,0,1.7,6694,30.7,0,47.0,0,1,6632,2,0.00
9507,18.9,20.0,1.1,3992,0,1.0,6694,30.5,2,47.0,0,1,6644,2,0.00
9523,19.1,20.0,0.9,3991,0,0.8,6628,30.2,4,47.0,0,1,6645,2,0.00
9554,19.2,20.0,0.8,3990,0,1.0,6628,31.4,6,47.0,0,1,6641,2,0.00
9569,19.2,20.0,0.8,3991,0,1.0,6693,30.7,8,47.0,0,1,6639,2,0.00
9585,19.2,20.0,0.8,3991,0,0.9,6691,30.7,9,47.0,0,1,6643,2,0.00
9601,19.1,20.0,0.9,3995,0,0.5,6628,30.8,9,47.0,0,1,6650,2,0.00
9632,19.1,20.0,0.9,3999,0,0.2,6628,30.7,9,47.0,0,1,6655,2,0.00
9662,19.1,20.0,0.9,4004,0,-0.1,6628,30.9,9,47.0,0,1,6662,2,0.00
9662,19.1,20.0,0.9,4006,0,-0.4,6691,30.5,9,47.0,0,1,6667,2,0.00
9692,19.2,20.0,0.8,4005,0,-0.4,6693,31.0,1,47.0,0,1,6666,2,0.00
9708,19.2,20.0,0.8,4000,0,-0.2,6629,30.4,3,47.0,0,1,6662,2,0.00
9723,19.3,20.0,0.7,3998,0,0.2,6631,30.0,5,47.0,0,1,6655,2,0.00
9739,19.3,20.0,0.7,3994,0,0.6,6694,30.5,7,47.0,0,1,6646,2,0.00
9771,19.4,20.0,0.6,3988,0,1.0,6696,30.8,9,47.0,0,1,6639,2,0.00
9786,19.2,20.0,0.8,3988,0,0.9,6631,30.8,9,47.0,0,1,6642,2,0.00
9801,19.1,20.0,0.9,3995,0,0.5,6631,30.4,9,47.0,0,1,6651,2,0.00
9832,19.1,20.0,0.9,4001,0,0.1,6631,30.5,9,47.0,0,1,6658,2,0.00
9908,19.2,20.0,0.8,3997,0,0.0,6696,31.3,73,47.0,0,1,6658,2,0.00
9924,19.3,20.0,0.7,3995,0,0.1,6632,30.4,8,47.0,0,1,6656,2,0.00
9954,19.3,20.0,0.7,3994,0,0.3,6634,30.4,9,47.0,0,1,6651,2,0.00
9969,19.4,20.0,0.6,3992,0,0.6,6634,30.8,9,47.0,0,1,6646,2,0.00
9985,19.4,20.0,0.6,3987,0,0.9,6697,30.2,9,47.0,0,1,6641,2,0.00
10015,19.3,20.0,0.7,3986,0,0.9,6697,30.6,9,47.0,0,1,6641,2,0.00
10031,19.1,20.0,0.9,3988,0,0.1,6632,30.8,1,47.0,0,1,6658,2,0.00
10047,19.1,20.0,0.9,4004,0,-0.5,6634,30.9,3,47.0,0,1,6670,2,0.00
10063,19.0,20.0,1.0,4012,0,-1.1,6697,30.6,5,47.0,0,1,6682,2,0.00
10093,19.1,20.0,0.9,4013,0,-1.4,6699,30.3,7,47.0,0,1,6686,2,0.00
10109,19.2,20.0,0.8,4008,0,-1.2,6635,30.3,9,47.0,0,1,6679,2,0.00
10125,19.4,20.0,0.6,4001,0,-0.4,6635,29.8,9,47.0,0,1,6665,2,0.00
10156,19.5,20.0,0.5,3992,0,0.4,6637,30.7,9,47.0,0,1,6648,2,0.00
10172,19.5,20.0,0.5,3984,0,1.0,6700,30.4,9,47.0,0,1,6638,2,0.00
10187,19.3,20.0,0.7,3983,0,1.0,6700,30.8,9,47.0,0,1,6639,2,0.00
10203,19.2,20.0,0.8,3984,0,0.6,6637,30.2,0,47.0,0,1,6648,2,0.00
10234,19.4,20.0,0.6,3986,0,0.8,6635,29.5,2,47.0,0,1,6643,2,0.00
10250,19.5,20.0,0.5,3981,0,1.2,6700,30.1,4,47.0,0,1,6633,2,0.00
10265,19.7,20.0,0.3,3969,0,2.1,6699,29.9,6,47.0,0,1,6616,2,0.00
10296,19.9,20.0,0.1,3958,0,2.9,6634,29.8,8,47.0,0,1,6600,2,0.00
10312,20.0,20.0,0.0,3951,0,3.6,6632,29.0,9,47.0,0,1,6585,2,0.00
10328,20.1,20.0,-0.1,3943,0,4.3,6632,29.6,9,47.0,0,1,6571,2,0.00
10422,20.2,20.0,-0.2,3930,0,4.9,6687,29.6,74,47.0,0,1,6559,2,0.00
10438,20.2,20.0,-0.2,3932,0,4.8,6621,30.1,9,47.0,0,1,6560,2,0.00
10453,20.2,20.0,-0.2,3940,0,4.2,6616,29.7,9,47.0,0,1,6572,2,0.00
10468,20.2,20.0,-0.2,3950,0,3.4,6678,29.2,9,47.0,0,1,6587,2,0.00
10499,20.2,20.0,-0.2,3956,0,2.6,6675,29.5,9,47.0,0,1,6600,2,0.00
10514,20.4,20.0,-0.4,3957,0,2.3,6674,29.1,9,47.0,0,1,6603,2,0.00
10529,20.8,20.0,-0.8,3955,0,3.1,6607,28.8,0,47.0,0,1,6583,2,0.00
10559,21.0,20.0,-1.0,3939,0,3.8,6607,29.0,2,47.0,0,1,6569,2,0.00
10575,21.0,20.0,-1.0,3932,0,4.2,6669,29.4,3,47.0,0,1,6561,2,0.00
10590,20.8,20.0,-0.8,3936,0,3.9,6668,29.4,5,47.0,0,1,6570,2,0.00
10622,20.6,20.0,-0.6,3947,0,2.9,6600,29.7,7,47.0,0,1,6591,2,0.00
10636,20.4,20.0,-0.4,3965,0,1.4,6600,29.6,9,47.0,0,1,6620,2,0.00
10651,20.3,20.0,-0.3,3983,0,-0.0,6599,28.9,9,47.0,0,1,6646,2,0.00
10682,20.5,20.0,-0.5,3988,0,-0.7,6662,28.9,9,47.0,0,1,6657,2,0.00
10697,20.7,20.0,-0.7,3985,0,-0.7,6662,28.6,9,47.0,0,1,6652,2,0.00
10712,21.0,20.0,-1.0,3976,0,0.1,6599,28.8,9,47.0,0,1,6635,2,0.00
10728,21.0,20.0,-1.0,3970,0,1.2,6597,29.2,1,47.0,0,1,6616,2,0.00
10759,20.9,20.0,-0.9,3969,0,1.2,6663,28.7,2,47.0,0,1,6618,2,0.00
10775,20.7,20.0,-0.7,3972,0,0.7,6662,29.2,4,47.0,0,1,6628,2,0.00
10790,20.8,20.0,-0.8,3971,0,0.6,6663,28.8,6,47.0,0,1,6629,2,0.00
10821,20.9,20.0,-0.9,3972,0,0.6,6599,29.0,8,47.0,0,1,6629,2,0.00
10836,20.9,20.0,-0.9,3972,0,0.7,6597,29.1,9,47.0,0,1,6626,2,0.00
10913,20.9,20.0,-0.9,3973,0,0.5,6662,28.9,74,47.0,0,1,6629,2,0.00
10945,20.9,20.0,-0.9,3972,0,0.5,6662,28.9,6,47.0,0,1,6629,2,0.00
10959,21.0,20.0,-1.0,3973,0,0.5,6597,29.1,8,47.0,0,1,6628,2,0.00
10990,21.0,20.0,-1.0,3972,0,0.5,6597,28.9,9,49.0,0,1,6628,2,0.00
11005,20.9,20.0,-0.9,3975,0,0.3,6662,29.2,9,49.0,0,1,6633,2,0.00
11020,20.8,20.0,-0.8,3979,0,-0.1,6662,29.5,9,49.0,0,1,6642,2,0.00
11036,20.6,20.0,-0.6,3987,0,-0.8,6663,29.3,9,49.0,0,1,6656,2,0.00
11068,20.7,20.0,-0.7,3997,0,-1.7,6599,28.9,0,49.0,0,1,6671,2,0.00
11083,21.0,20.0,-1.0,4000,0,-1.0,6600,28.4,2,49.0,0,1,6655,2,0.00
11099,21.1,20.0,-1.1,3980,0,-0.1,6665,28.9,3,49.0,0,1,6636,2,0.00
11115,21.1,20.0,-1.1,3970,0,0.7,6665,28.9,5,49.0,0,1,6623,2,0.00
11145,21.0,20.0,-1.0,3968,0,0.8,6602,28.8,7,49.0,0,1,6622,2,0.00
11162,21.0,20.0,-1.0,3968,0,0.9,6602,29.4,9,49.0,0,1,6621,2,0.00
11177,20.8,20.0,-0.8,3975,0,0.5,6602,29.4,9,49.0,0,1,6630,2,0.00
11193,20.6,20.0,-0.6,3983,0,-0.3,6666,30.2,9,49.0,0,1,6646,2,0.00
11222,20.3,20.0,-0.3,3999,0,-1.7,6665,29.8,9,49.0,0,1,6675,2,0.00
11237,20.2,20.0,-0.2,4014,0,-3.1,6602,29.7,9,49.0,0,1,6702,2,0.00
11253,20.2,20.0,-0.2,4030,0,-4.7,6603,29.4,1,49.0,0,1,6730,2,0.00
11285,20.4,20.0,-0.4,4030,0,-4.2,6669,28.8,3,49.0,0,1,6720,2,0.00
11300,20.7,20.0,-0.7,4014,0,-3.0,6671,28.9,4,49.0,0,1,6694,2,0.00
11314,20.9,20.0,-0.9,3993,0,-1.3,6674,28.8,6,49.0,0,1,6662,2,0.00
11345,21.0,20.0,-1.0,3976,0,0.3,6612,29.0,8,49.0,0,1,6631,2,0.00
11422,21.0,20.0,-1.0,3961,0,1.5,6678,29.5,74,49.0,0,1,6609,2,0.00
11437,20.4,20.0,-0.4,3972,0,0.7,6678,29.8,5,49.0,0,1,6630,2,0.00
11468,20.1,20.0,-0.1,3987,0,-0.6,6613,29.8,7,49.0,0,1,6658,2,0.00
11483,20.0,20.0,-0.0,4004,0,-2.0,6613,29.3,8,49.0,0,1,6684,2,0.00
11499,20.0,20.0,-0.0,4016,0,-2.9,6613,29.9,9,49.0,0,1,6701,2,0.00
11529,20.2,20.0,-0.2,4017,0,-3.2,6680,29.4,9,49.0,0,1,6704,2,0.00
11545,20.3,20.0,-0.3,4014,0,-3.0,6680,29.5,9,49.0,0,1,6699,2,0.00
11559,20.4,20.0,-0.4,4009,0,-2.5,6618,29.8,9,49.0,0,1,6688,2,0.00
11590,20.2,20.0,-0.2,4008,0,-2.0,6619,30.1,0,49.0,0,1,6683,2,0.00
11605,20.0,20.0,0.0,4013,0,-2.4,6685,30.5,2,49.0,0,1,6691,2,0.00
11620,19.7,20.0,0.3,4023,0,-3.2,6685,30.9,4,49.0,0,1,6710,2,0.00
11651,19.3,20.0,0.7,4039,0,-4.6,6687,30.8,6,49.0,0,1,6739,2,0.00
11666,19.1,20.0,0.9,4059,0,-6.0,6625,30.7,8,49.0,0,1,6768,2,0.00
11682,19.0,20.0,1.0,4072,0,-7.1,6628,29.8,9,49.0,0,1,6788,2,0.00
11697,19.2,20.0,0.8,4072,0,-7.2,6696,30.4,9,49.0,0,1,6788,2,0.00
11728,19.4,20.0,0.6,4061,0,-6.5,6699,30.2,9,49.0,0,1,6772,2,0.00
11743,19.5,20.0,0.5,4047,0,-5.1,6640,29.7,9,49.0,0,1,6746,2,0.00
11758,19.8,20.0,0.2,4025,0,-3.1,6643,29.2,9,49.0,0,1,6708,2,0.00
11790,20.2,20.0,-0.2,3976,0,1.3,6709,29.6,1,49.0,0,1,6623,2,0.00
11806,20.2,20.0,-0.2,3954,0,3.1,6711,29.7,3,49.0,0,1,6591,2,0.00
11822,20.2,20.0,-0.2,3938,0,4.3,6711,29.7,5,49.0,0,1,6569,2,0.00
11838,20.1,20.0,-0.1,3931,0,5.0,6645,29.5,7,49.0,0,1,6557,2,0.00
11933,20.1,20.0,-0.1,3927,0,5.0,6700,29.5,91,49.0,0,1,6557,2,0.00
11948,20.1,20.0,-0.1,3937,0,4.0,6697,29.8,2,49.0,0,1,6576,2,0.00
11963,20.0,20.0,0.0,3950,0,2.7,6696,30.1,4,49.0,0,1,6600,2,0.00
11995,19.9,20.0,0.1,3967,0,1.3,6629,30.0,6,47.6,0,1,6627,2,0.00
12011,19.7,20.0,0.3,3986,0,-0.1,6628,30.5,8,47.6,0,1,6654,2,0.00
12026,19.6,20.0,0.4,4002,0,-1.6,6690,30.6,9,47.6,0,1,6683,2,0.00
12042,19.4,20.0,0.6,4020,0,-3.3,6691,31.0,9,47.6,0,1,6714,2,0.00
12074,19.2,20.0,0.8,4041,0,-4.9,6628,30.7,9,47.6,0,1,6747,2,0.00
12089,19.1,20.0,0.9,4057,0,-6.2,6629,30.5,9,47.6,0,1,6770,2,0.00
12105,19.2,20.0,0.8,4065,0,-6.8,6696,29.9,9,47.6,0,1,6781,2,0.00
12137,19.6,20.0,0.4,4045,0,-5.3,6700,30.3,1,47.6,0,1,6749,2,0.00
12152,19.7,20.0,0.3,4026,0,-3.8,6703,30.0,3,47.6,0,1,6720,2,0.00
12168,19.6,20.0,0.4,4015,0,-2.5,6643,30.3,5,47.6,0,1,6698,2,0.00
12182,19.6,20.0,0.4,4006,0,-1.6,6644,31.1,7,47.6,0,1,6682,2,0.00
12214,19.2,20.0,0.8,4007,0,-1.6,6709,31.1,9,47.6,0,1,6687,2,0.00
12231,19.0,20.0,1.0,4014,0,-2.3,6711,31.0,9,47.6,0,1,6702,2,0.00
12246,18.7,20.0,1.3,4028,0,-3.3,6647,30.9,9,47.6,0,1,6723,2,0.00
12262,18.7,20.0,1.3,4035,0,-3.8,6650,31.3,9,47.6,0,1,6732,2,0.00
12293,18.7,20.0,1.3,4039,0,-4.2,6715,31.5,9,47.6,0,1,6741,2,0.00
12309,18.6,20.0,1.4,4042,0,-4.5,6718,30.8,1,47.6,0,1,6746,2,0.00
12325,18.9,20.0,1.1,4030,0,-3.7,6656,30.7,2,47.6,0,1,6729,2,0.00
12357,19.0,20.0,1.0,4017,0,-2.4,6659,31.4,4,47.6,0,1,6704,2,0.00
12435,19.0,20.0,1.0,4017,0,-2.4,6729,31.4,88,47.6,0,1,6704,2,0.00
12450,18.5,20.0,1.5,4015,0,-2.0,6730,31.7,0,47.6,0,1,6703,2,0.00
12466,18.2,20.0,1.8,4023,0,-2.4,6666,31.5,2,47.6,0,1,6714,2,0.00
12497,18.2,20.0,1.8,4027,0,-2.7,6668,31.5,4,47.6,0,1,6719,2,0.00
12512,18.2,20.0,1.8,4025,0,-2.7,6732,31.7,6,47.6,0,1,6719,2,0.00
12528,18.2,20.0,1.8,4024,0,-2.7,6735,31.9,7,47.6,0,1,6719,2,0.00
12560,18.1,20.0,1.9,4024,0,-2.8,6671,31.8,9,47.6,0,1,6722,2,0.00
12574,18.0,20.0,2.0,4030,0,-3.1,6671,32.4,9,47.6,0,1,6729,2,0.00
12590,17.8,20.0,2.2,4037,0,-3.5,6674,32.1,9,47.6,0,1,6738,2,0.00
12607,17.7,20.0,2.3,4044,0,-4.0,6740,32.2,9,47.6,0,1,6749,2,0.00
12637,17.6,20.0,2.4,4047,0,-4.4,6741,31.4,9,47.6,0,1,6757,2,0.00
12653,17.9,20.0,2.1,4035,0,-3.3,6680,32.2,1,47.6,0,1,6733,2,0.00
12670,18.1,20.0,1.9,4021,0,-2.1,6681,31.4,3,47.6,0,1,6710,2,0.00
12701,17.9,20.0,2.1,4012,0,-1.4,6747,32.1,5,47.6,0,1,6699,2,0.00
12716,17.8,20.0,2.2,4008,0,-1.0,6747,32.0,7,47.6,0,1,6694,2,0.00
12732,17.7,20.0,2.3,4009,0,-0.9,6684,31.6,9,47.6,0,1,6694,2,0.00
12747,17.8,20.0,2.2,4008,0,-0.7,6684,32.2,9,47.6,0,1,6690,2,0.00
12778,17.9,20.0,2.1,3999,0,-0.2,6750,31.5,9,47.6,0,1,6678,2,0.00
12794,17.8,20.0,2.2,3995,0,0.1,6749,32.4,9,47.6,0,1,6674,2,0.00
12810,17.9,20.0,2.1,3991,0,0.6,6685,31.7,9,47.6,0,1,6665,2,0.00
12826,18.1,20.0,1.9,3988,0,1.4,6684,31.8,0,47.6,0,1,6648,2,0.00
12857,18.0,20.0,2.0,3975,0,1.8,6747,32.2,2,47.6,0,1,6642,2,0.00
12936,18.0,20.0,2.0,3973,0,1.8,6743,32.2,86,47.6,0,1,6642,2,0.00
12952,18.0,20.0,2.0,3974,0,1.7,6677,31.9,9,47.6,0,1,6645,2,0.00
12983,17.8,20.0,2.2,3985,0,0.9,6675,32.3,9,47.6,0,1,6661,2,0.00
12999,17.8,20.0,2.2,3999,0,-0.5,6738,31.8,1,47.6,0,1,6687,2,0.00
13015,17.9,20.0,2.1,3998,0,-0.6,6737,31.5,3,47.6,0,1,6687,2,0.00
13031,17.9,20.0,2.1,4000,0,-0.6,6672,32.0,5,47.6,0,1,6687,2,0.00
13061,18.0,20.0,2.0,4000,0,-0.5,6671,31.8,7,47.6,0,1,6684,2,0.00
13077,17.9,20.0,2.1,3998,0,-0.4,6737,31.9,9,47.6,0,1,6684,2,0.00
13092,17.9,20.0,2.1,3997,0,-0.5,6735,32.5,9,47.6,0,1,6685,2,0.00
13124,17.8,20.0,2.2,4001,0,-0.6,6671,32.0,9,47.6,0,1,6689,2,0.00
13139,17.8,20.0,2.2,4004,0,-0.8,6672,31.7,9,47.6,0,1,6693,2,0.00
13155,17.8,20.0,2.2,4004,0,-1.0,6735,32.2,9,47.6,0,1,6697,2,0.00
13171,17.7,20.0,2.3,4006,0,-1.4,6735,31.5,0,47.6,0,1,6705,2,0.00
13202,17.6,20.0,2.4,4009,0,-1.6,6672,32.1,2,47.6,0,1,6708,2,0.00
13218,17.6,20.0,2.4,4013,0,-1.6,6672,32.1,4,47.6,0,1,6709,2,0.00
13234,17.6,20.0,2.4,4014,0,-1.6,6737,31.8,6,47.6,0,1,6708,2,0.00
13249,17.8,20.0,2.2,4007,0,-1.2,6738,31.6,8,47.6,0,1,6700,2,0.00
13281,17.9,20.0,2.1,3999,0,-0.6,6738,32.6,9,47.6,0,1,6688,2,0.00
13297,18.0,20.0,2.0,3988,0,0.3,6674,31.7,9,47.6,0,1,6671,2,0.00
13313,18.0,20.0,2.0,3982,0,1.0,6674,31.8,9,47.6,0,1,6659,2,0.00
13345,18.0,20.0,2.0,3975,0,1.4,6738,32.2,9,47.6,0,1,6650,2,0.00
13361,18.0,20.0,2.0,3971,0,1.7,6737,31.6,9,47.6,0,1,6646,2,0.00
13440,18.0,20.0,2.0,3972,0,1.8,6666,31.8,73,47.6,0,1,6644,2,0.00
13456,18.0,20.0,2.0,3973,0,1.7,6730,32.0,8,47.6,0,1,6646,2,0.00
13487,17.9,20.0,2.1,3975,0,1.2,6729,32.5,9,47.6,0,1,6656,2,0.00
13503,17.8,20.0,2.2,3984,0,0.4,6726,32.2,9,47.6,0,1,6672,2,0.00
13519,17.5,20.0,2.5,3997,0,-1.5,6663,32.1,0,47.6,0,1,6710,2,0.00
13535,17.6,20.0,2.4,4016,0,-2.1,6660,31.8,2,47.6,0,1,6720,2,0.00
13567,17.6,20.0,2.4,4017,0,-2.4,6726,32.1,4,47.6,0,1,6725,2,0.00
13583,17.6,20.0,2.4,4016,0,-2.4,6727,32.3,6,47.6,0,1,6725,2,0.00
13598,17.6,20.0,2.4,4017,0,-2.3,6663,32.0,8,47.6,0,1,6723,2,0.00
13614,17.6,20.0,2.4,4018,0,-2.2,6665,32.2,9,47.6,0,1,6722,2,0.00
13647,17.6,20.0,2.4,4016,0,-2.1,6729,32.2,9,47.6,0,1,6720,2,0.00
13677,17.5,20.0,2.5,4014,0,-2.0,6732,31.4,9,47.6,0,1,6718,2,0.00
13677,17.6,20.0,2.4,4012,0,-1.7,6666,32.1,9,47.6,0,1,6713,2,0.00
13708,17.6,20.0,2.4,4009,0,-1.3,6668,32.5,9,47.6,0,1,6706,2,0.00
13724,17.3,20.0,2.7,4011,0,-1.5,6732,32.6,1,47.6,0,1,6712,2,0.00
13739,17.2,20.0,2.8,4017,0,-2.0,6734,31.8,3,47.6,0,1,6724,2,0.00
13754,17.3,20.0,2.7,4015,0,-2.1,6671,32.1,5,47.6,0,1,6723,2,0.00
13785,17.5,20.0,2.5,4010,0,-1.5,6671,32.4,7,47.6,0,1,6712,2,0.00
13801,17.5,20.0,2.5,4005,0,-0.9,6671,32.4,9,47.6,0,1,6699,2,0.00
13816,17.4,20.0,2.6,4001,0,-0.6,6737,32.4,9,47.6,0,1,6695,2,0.00
13848,17.3,20.0,2.7,4000,0,-0.5,6737,32.4,9,47.6,0,1,6695,2,0.00
13864,17.3,20.0,2.7,4001,0,-0.5,6672,32.3,9,47.6,0,1,6695,2,0.00
13943,17.4,20.0,2.6,3997,0,-0.3,6737,32.0,74,47.6,0,1,6692,2,0.00
13959,17.4,20.0,2.6,3995,0,-0.3,6735,32.4,9,47.6,0,1,6690,2,0.00
13990,17.4,20.0,2.6,3994,0,-0.0,6672,32.6,9,47.6,0,1,6686,2,0.00
14006,17.4,20.0,2.6,3995,0,0.1,6671,32.2,9,47.6,0,1,6685,2,0.00
14021,17.3,20.0,2.7,3998,0,-0.1,6735,32.8,9,47.6,0,1,6690,2,0.00
14052,17.4,20.0,2.6,3996,0,0.1,6735,32.2,0,47.6,0,1,6684,2,0.00
14068,17.5,20.0,2.5,3984,0,0.6,6671,32.8,2,47.6,0,1,6673,2,0.00
14083,17.4,20.0,2.6,3984,0,0.7,6671,32.5,4,47.6,0,1,6672,2,0.00
14114,17.3,20.0,2.7,3989,0,0.5,6735,32.5,6,47.6,0,1,6677,2,0.00
14129,17.2,20.0,2.8,3993,0,0.1,6734,32.5,8,47.6,0,1,6687,2,0.00
14145,17.2,20.0,2.8,3996,0,-0.3,6669,32.9,9,47.6,0,1,6694,2,0.00
14160,17.2,20.0,2.8,4002,0,-0.6,6668,32.6,9,47.6,0,1,6701,2,0.00
14193,17.2,20.0,2.8,4008,0,-1.0,6734,32.6,9,47.6,0,1,6707,2,0.00
14208,17.1,20.0,2.9,4010,0,-1.3,6734,33.1,9,47.6,0,1,6713,2,0.00
14224,17.1,20.0,2.9,4011,0,-1.5,6732,32.4,9,47.6,0,1,6717,2,0.00
14239,17.0,20.0,3.0,4019,1,-2.3,6669,32.6,1,47.6,0,1,6734,2,0.00
14269,16.8,20.0,3.2,4030,1,-2.9,6671,33.1,3,47.6,0,1,6746,2,0.00
14285,17.0,20.0,3.0,4027,1,-2.7,6735,32.3,5,47.6,0,1,6742,2,0.00
14301,17.0,20.0,3.0,4021,0,-2.3,6737,32.4,7,47.6,0,1,6733,2,0.00
14333,17.3,20.0,2.7,4007,0,-1.3,6674,32.9,9,47.6,0,1,6712,2,0.00
14349,17.2,20.0,2.8,4004,0,-0.6,6674,33.1,9,47.6,0,1,6702,2,0.00
14364,17.0,20.0,3.0,4007,1,-0.6,6738,33.0,9,47.6,0,1,6704,2,0.00
14457,16.8,20.0,3.2,4011,1,-1.1,6675,32.8,74,47.6,0,1,6715,2,0.00
14473,16.7,20.0,3.3,4013,1,-1.1,6675,33.0,9,47.6,0,1,6716,2,0.00
14488,16.7,20.0,3.3,4013,1,-1.2,6740,33.1,9,47.6,0,1,6719,2,0.00
14504,16.7,20.0,3.3,4014,1,-1.4,6740,33.1,9,47.6,0,1,6722,2,0.00
14536,16.6,20.0,3.4,4017,1,-1.5,6677,32.5,9,47.6,0,1,6724,2,0.00
14552,16.8,20.0,3.2,4015,1,-1.3,6678,32.7,9,47.6,0,1,6719,2,0.00
14567,17.0,20.0,3.0,4009,1,0.1,6743,32.8,0,47.6,0,1,6691,2,0.00
14598,16.9,20.0,3.1,3992,1,0.5,6743,33.1,2,47.6,0,1,6685,2,0.00
14614,16.8,20.0,3.2,3991,1,0.5,6678,33.3,4,47.6,0,1,6687,2,0.00
14629,16.7,20.0,3.3,3997,1,0.2,6678,32.9,6,47.6,0,1,6693,2,0.00
14645,16.5,20.0,3.5,4006,1,-0.4,6677,33.3,8,47.6,0,1,6706,2,0.00
14675,16.5,20.0,3.5,4013,1,-1.0,6741,33.3,9,47.6,0,1,6718,2,0.00
14691,16.4,20.0,3.6,4019,1,-1.6,6743,33.2,9,47.6,0,1,6730,2,0.00
14707,16.4,20.0,3.6,4026,1,-2.1,6678,33.3,9,47.6,0,1,6738,2,0.00
14737,16.4,20.0,3.6,4030,1,-2.3,6678,33.4,9,47.6,0,1,6742,2,0.00
14753,16.4,20.0,3.6,4028,1,-2.4,6744,33.0,9,47.6,0,1,6744,2,0.00
14768,16.4,20.0,3.6,4024,1,-2.1,6744,33.1,1,47.6,0,1,6739,2,0.00
14799,16.4,20.0,3.6,4022,1,-1.8,6681,33.3,3,47.6,0,1,6734,2,0.00
14815,16.5,20.0,3.5,4019,1,-1.4,6683,33.4,5,47.6,0,1,6725,2,0.00
14831,16.4,20.0,3.6,4016,1,-1.1,6746,33.1,7,47.6,0,1,6722,2,0.00
14847,16.4,20.0,3.6,4013,1,-1.0,6747,33.9,9,47.6,0,1,6720,2,0.00
14879,16.4,20.0,3.6,4013,1,-0.8,6681,33.3,9,47.6,0,1,6717,2,0.00
14958,16.4,20.0,3.6,4013,1,-0.6,6747,33.3,74,47.6,0,1,6713,2,0.00
14973,16.4,20.0,3.6,4007,1,-0.2,6747,32.7,7,47.6,0,1,6706,2,0.00
